V1,V2,V3,V4,V5,V6,V7,V8,V9,V10,,1,2,3_1,3_2,3_3,3_4,4,5,6_1,6_2,6_3,6_4,6_5,6_6,6_7,6_8,7,8_1,8_2,8_3,8_4,9,10_1,10_2,10_3,10_4,11,12,13,14,15,16,LocationLatitude,LocationLongitude,LocationAccuracy,
ResponseID,ResponseSet,Name,ExternalDataReference,EmailAddress,IPAddress,Status,StartDate,EndDate,Finished,Thank you for taking part in this important survey which will help me understand your views on au...,Would you rather drive or be driven by a self-driving autonomous car?,Do you feel safe being driven by a self-driving autonomous car? 1 is not safe at all and 10 being...,What level of automation in cars would you be interested in if you plan to buy one?-Level 1 - Basic Automation,What level of automation in cars would you be interested in if you plan to buy one?-Level 2 - Adaptive Safety Features,What level of automation in cars would you be interested in if you plan to buy one?-Level 3 - Partial self-drive,What level of automation in cars would you be interested in if you plan to buy one?-Level 4 - Full self-drive,When you think about buying a car (up to 5 years from now) how likely are you to consider purchas...,When you think about buying a car (up to 10 years from now) how likely are you to consider purcha...,For which of the following reasons do you think you are (very likely/likely/neutral) to purchase...-Is safer than non-self-driving cars,For which of the following reasons do you think you are (very likely/likely/neutral) to purchase...-Lower insurance costs,For which of the following reasons do you think you are (very likely/likely/neutral) to purchase...-Allows multi-tasking while car drives,For which of the following reasons do you think you are (very likely/likely/neutral) to purchase...-Highest safety ratings given by government agencies,For which of the following reasons do you think you are (very likely/likely/neutral) to purchase...-Switches to self-driving mode on highways,For which of the following reasons do you think you are (very likely/likely/neutral) to purchase...-Switches to self-driving mode in traffic,For which of the following reasons do you think you are (very likely/likely/neutral) to purchase...-Offers better mileage and lower maintenance than non-self-driving cars,"For which of the following reasons do you think you are (very likely/likely/neutral) to purchase...-Drops me off, finds a parking spot and parks on it own",Fully automated cars are expected to cost $5000-9000 more on top of a regular car price for all n...,For which new features would you be willing to pay more? Rank the features by using drag and drop.-Safety Features,For which new features would you be willing to pay more? Rank the features by using drag and drop.-Connectivity Features,For which new features would you be willing to pay more? Rank the features by using drag and drop.-Full/partial self-drive,For which new features would you be willing to pay more? Rank the features by using drag and drop.-Alternative engine,What is your opinion on self-driving cars?,Which factors would build your trust with driving in fully self-driving cars? Rank the factors by...-Car is offered by a well-known brand you trust,Which factors would build your trust with driving in fully self-driving cars? Rank the factors by...-An established track record of self-driving cars used on the roads safely,Which factors would build your trust with driving in fully self-driving cars? Rank the factors by...-Government regulations/approval of self-driving cars,Which factors would build your trust with driving in fully self-driving cars? Rank the factors by...-A friend or family member using a self-driving car,How concerned are you with regards to the legal liability of drivers/owners of self-driving cars?,Do you consider autonomous driving as a useful advancement?,"To get an idea of the market research, how old are you? ",Do you have a driver's license?,How many kilometers do you drive approximately in a year?,What is your gender?,LocationLatitude,LocationLongitude,LocationAccuracy,
R_2dtk15c1JudwQCV,Default Response Set,Anonymous,,,188.97.40.140,0,2017-07-13 16:26:42,2017-07-13 16:32:27,1,1,1,2,,1,,,4,3,6,3,7,2,8,4,5,1,1,1,3,4,2,1,2,3,4,1,1,2,2,1,3,1,50,8.2711029052734,-1,
R_2SiXm8JNDlUsfJD,Default Response Set,Anonymous,,,193.78.85.153,0,2017-07-13 16:38:42,2017-07-13 16:41:59,1,1,2,9,,,,1,1,1,1,4,2,8,5,6,7,3,2,2,3,1,4,4,1,3,4,2,2,1,3,1,1,1,51.496398925781,-0.12240600585938,-1,
R_3kM1qVC6enSUuyh,Default Response Set,Anonymous,,,92.216.247.162,0,2017-07-13 16:55:09,2017-07-13 17:02:22,1,1,1,8,,,1,,1,3,7,8,2,5,1,4,3,6,1,1,2,4,3,2,4,2,3,1,2,1,2,1,1,2,50.125,8.6761932373047,-1,
R_1ja1U6NumtNcF2r,Default Response Set,Anonymous,,,62.206.82.236,0,2017-07-13 17:03:15,2017-07-13 17:06:07,1,1,1,8,,,,1,3,2,4,7,6,5,2,1,8,3,2,4,3,1,2,4,2,3,1,4,2,1,2,1,2,1,50.113693237305,8.7118988037109,-1,
R_1pZ4nJunTE0z3c2,Default Response Set,Anonymous,,,89.204.137.239,0,2017-07-13 17:11:01,2017-07-13 17:19:40,1,1,2,9,,,,1,2,2,5,6,2,8,4,3,7,1,2,4,1,2,3,4,1,2,4,3,2,1,2,1,2,1,52.51220703125,13.416397094727,-1,
R_1rjP0zL7derVGIn,Default Response Set,Anonymous,,,79.243.67.112,0,2017-07-13 17:56:40,2017-07-13 18:01:29,1,1,1,7,,,1,,4,3,2,5,1,7,3,4,6,8,2,1,3,4,2,3,1,3,4,2,2,3,2,1,2,1,50.115295410156,8.6822967529297,-1,
R_1hya5CcztktONMp,Default Response Set,Anonymous,,,93.212.46.103,0,2017-07-13 18:08:56,2017-07-13 18:13:29,1,1,2,7,,,,1,2,2,5,6,1,7,4,3,8,2,4,2,3,1,4,3,3,1,2,4,3,1,2,1,2,1,50.116195678711,8.6365051269531,-1,
R_2V2xgq2o17vULgz,Default Response Set,Anonymous,,,93.68.225.218,0,2017-07-13 21:56:06,2017-07-13 22:00:28,1,1,2,9,,,1,,1,1,2,8,1,7,3,4,6,5,2,2,4,1,3,3,2,1,3,4,2,1,2,1,4,1,45.464294433594,9.1894989013672,-1,
R_2wyhW99VZDlJ3cU,Default Response Set,Anonymous,,,182.69.36.164,0,2017-07-14 05:48:28,2017-07-14 05:57:38,1,1,1,5,,,1,,2,4,4,5,3,6,2,1,8,7,3,1,3,2,4,1,2,1,3,4,1,1,2,1,3,1,28.600006103516,77.200012207031,-1,
R_1joASaQ7vtmMmnM,Default Response Set,Anonymous,,,79.214.245.2,0,2017-07-14 11:46:27,2017-07-14 11:48:30,1,1,2,9,,,,1,2,1,1,7,8,6,3,2,5,4,2,2,3,1,4,2,3,2,4,1,2,1,2,1,2,1,50.115295410156,8.6822967529297,-1,
R_2WZiaeO1l5jfes4,Default Response Set,Anonymous,,,178.203.234.239,0,2017-07-14 12:42:32,2017-07-14 12:47:19,1,1,1,7,,,1,,2,1,2,8,1,7,6,5,4,3,3,2,3,1,4,3,2,3,4,1,2,2,2,1,1,2,50.125198364258,8.6864929199219,-1,
R_0DqErzDJW8S31VT,Default Response Set,Anonymous,,,85.180.193.241,0,2017-07-14 12:48:03,2017-07-14 12:51:43,1,1,1,10,,,,1,2,1,5,6,3,7,8,1,4,2,2,1,2,4,3,3,3,2,1,4,2,1,2,1,2,1,50.100006103516,8.7666931152344,-1,
R_2q9i2IPFcHjiCn2,Default Response Set,Anonymous,,,82.195.76.27,0,2017-07-14 12:50:26,2017-07-14 12:57:44,1,1,2,8,,,,1,2,1,7,5,2,4,6,8,3,1,3,1,3,2,4,3,4,2,3,1,2,1,2,1,,1,50.111206054688,8.68310546875,-1,
R_29mQGER4z3y7UAk,Default Response Set,Anonymous,,,178.203.234.81,0,2017-07-14 12:50:33,2017-07-14 13:01:07,1,1,1,4,,,1,,2,2,4,7,1,6,2,3,5,8,3,1,2,4,3,3,4,1,2,3,1,2,2,1,3,1,50.125198364258,8.6864929199219,-1,
R_1LSUO0ojT16hgI4,Default Response Set,Anonymous,,,93.231.68.96,0,2017-07-14 12:44:43,2017-07-14 13:10:31,1,1,2,9,,,,1,1,1,2,4,1,5,6,7,3,8,3,2,4,1,3,3,4,1,2,3,2,1,2,1,3,1,51.950897216797,8.8657989501953,-1,
R_2R39NZMNeY55oKa,Default Response Set,Anonymous,,,46.183.103.8,0,2017-07-14 13:10:53,2017-07-14 13:14:42,1,1,1,5,,1,1,,2,2,3,4,1,2,6,5,7,8,2,1,4,2,3,3,3,1,2,4,1,3,2,1,1,2,51.299301147461,9.4909973144531,-1,
R_RCQX3jo5ShSJCsp,Default Response Set,Anonymous,,,84.118.21.106,0,2017-07-14 13:12:28,2017-07-14 13:17:28,1,1,2,5,,,1,,4,3,6,8,1,2,4,5,7,3,2,1,3,2,4,3,,,,,3,1,2,1,1,1,50.138305664062,8.7115936279297,-1,
R_2w68iNwHZ6OyeTg,Default Response Set,Anonymous,,,42.106.52.163,0,2017-07-14 13:16:26,2017-07-14 13:21:56,1,1,1,4,,1,,,2,2,1,3,4,2,5,6,7,8,2,1,4,2,3,1,4,1,2,3,2,3,3,1,4,1,23.033294677734,72.61669921875,-1,
R_3M0sJWa0ALUDCnF,Default Response Set,Anonymous,,,122.179.34.146,0,2017-07-14 13:30:33,2017-07-14 13:34:38,1,1,2,8,,,1,,1,2,7,6,4,5,1,3,8,2,2,3,2,1,4,3,,,,,1,1,3,1,1,1,12.983306884766,77.583312988281,-1,
R_bsfmXdXrBfujmo1,Default Response Set,Anonymous,,,93.201.105.101,0,2017-07-14 13:29:48,2017-07-14 13:35:14,1,1,2,10,,,1,1,1,1,1,6,5,4,8,7,3,2,3,2,4,1,3,2,4,1,3,2,2,1,2,1,3,2,54.333297729492,9.8332977294922,-1,
R_2Eixq6vN6vHA4wy,Default Response Set,Anonymous,,,95.208.248.117,0,2017-07-14 13:43:05,2017-07-14 13:56:17,1,1,1,2,1,,,,2,2,6,5,7,3,8,2,1,4,3,2,3,4,1,2,4,1,3,2,1,2,2,1,3,1,48.766693115234,9.1833038330078,-1,
R_3LXwpPeCGgHmbwt,Default Response Set,Anonymous,,,121.244.36.2,0,2017-07-14 13:53:23,2017-07-14 13:56:45,1,1,1,3,,,1,,2,2,7,6,2,8,1,5,4,3,2,1,2,4,3,2,1,2,3,4,2,2,3,1,1,1,12.983306884766,77.583312988281,-1,
R_3EsgDNH3cPIFqFf,Default Response Set,Anonymous,,,94.204.31.117,0,2017-07-14 13:38:30,2017-07-14 13:59:52,1,1,2,6,,,1,,1,2,5,7,8,2,6,4,3,1,1,1,3,2,4,1,2,1,3,4,1,2,3,1,1,2,25.263900756836,55.30810546875,-1,
R_2YS9nbcmzwqZ7bG,Default Response Set,Anonymous,,,87.208.239.167,0,2017-07-14 14:15:27,2017-07-14 14:19:50,1,1,1,3,,,1,,1,5,8,1,7,3,6,5,4,2,1,2,3,4,1,1,3,1,2,4,3,1,2,1,1,1,51.912994384766,4.4510040283203,-1,
R_2SphqhOhpogVoHO,Default Response Set,Anonymous,,,106.79.113.93,0,2017-07-14 14:16:11,2017-07-14 14:23:43,1,1,1,5,,,1,,3,2,2,7,3,1,5,6,4,8,2,1,3,2,4,1,4,1,2,3,1,1,3,1,2,1,18.533294677734,73.86669921875,-1,
R_4UtXfICUp62eljP,Default Response Set,Anonymous,,,42.106.106.95,0,2017-07-14 14:23:09,2017-07-14 14:28:19,1,1,2,8,,,1,,1,1,5,3,1,4,6,7,8,2,3,1,3,2,4,3,4,1,2,3,1,1,3,2,,1,18.533294677734,73.86669921875,-1,
R_51rKwehSeD6SMtX,Default Response Set,Anonymous,,,203.91.201.54,0,2017-07-14 14:27:41,2017-07-14 14:33:32,1,1,2,7,,,1,,2,1,1,2,3,4,5,6,7,8,2,1,3,2,4,2,4,1,3,2,2,2,3,1,1,1,13.083297729492,80.283294677734,-1,
R_3KMxpyqKSedMpss,Default Response Set,Anonymous,,,193.175.98.237,0,2017-07-14 14:25:12,2017-07-14 14:34:50,1,1,2,7,,,,1,3,2,8,5,2,7,4,3,6,1,1,4,3,2,1,2,3,1,2,4,2,1,2,1,1,1,50.125,8.6761932373047,-1,
R_1FxjpboklrdXA8x,Default Response Set,Anonymous,,,121.243.26.254,0,2017-07-14 14:15:25,2017-07-14 14:37:29,1,1,2,7,,,,1,1,1,8,6,1,2,7,5,4,3,1,2,4,1,3,3,3,2,1,4,2,1,3,1,2,1,18.533294677734,73.86669921875,-1,
R_2aQtjPXchjKwHAr,Default Response Set,Anonymous,,,106.77.196.99,0,2017-07-14 14:32:56,2017-07-14 14:40:06,1,1,1,1,1,,,,5,5,8,7,3,6,4,2,5,1,2,1,2,4,3,1,1,3,2,4,1,3,3,1,1,1,18.533294677734,73.86669921875,-1,
R_2Bgjpy2glpBoLPK,Default Response Set,Anonymous,,,88.68.94.49,0,2017-07-14 14:37:31,2017-07-14 14:42:24,1,1,2,8,,,,1,5,3,1,8,2,7,4,6,5,3,4,1,3,2,4,4,1,2,4,3,2,2,2,1,2,1,50.001007080078,8.268798828125,-1,
R_1Cl5QuWYjUfF2xY,Default Response Set,Anonymous,,,178.203.235.107,0,2017-07-14 14:42:49,2017-07-14 14:45:11,1,1,1,5,,,1,1,2,1,4,6,1,2,3,8,7,5,4,1,4,2,3,2,3,1,2,4,1,1,2,1,2,2,50.1416015625,8.6154937744141,-1,
R_3MAQP9UnZGZWlLW,Default Response Set,Anonymous,,,106.193.196.101,0,2017-07-14 14:30:28,2017-07-14 14:48:07,1,1,2,7,,,1,,2,1,6,2,8,5,7,4,3,1,3,2,3,1,4,3,4,1,2,3,2,1,2,1,1,2,18.533294677734,73.86669921875,-1,
R_2znAMeT5skWIV3T,Default Response Set,Anonymous,,,195.234.12.105,0,2017-07-14 14:57:30,2017-07-14 14:59:51,1,1,1,7,,1,,,3,4,5,3,8,4,6,7,2,1,3,2,3,4,1,1,1,4,2,3,1,2,2,1,3,1,51.299301147461,9.4909973144531,-1,
R_vuX6MXKvWqUTZsd,Default Response Set,Anonymous,,,223.229.253.131,0,2017-07-14 14:53:27,2017-07-14 15:03:04,1,1,2,10,,1,,,1,1,1,8,2,3,4,5,7,6,3,1,2,3,4,2,2,1,4,3,2,1,6,1,3,1,18.975006103516,72.825805664062,-1,
R_AA3l4YXb67G7zpL,Default Response Set,Anonymous,,,79.206.243.234,0,2017-07-14 15:34:23,2017-07-14 15:56:22,1,1,2,10,,,,1,1,1,1,2,6,7,5,4,8,3,2,2,4,3,1,4,,,,,2,1,1,1,1,1,50.115295410156,8.6822967529297,-1,
R_vq5gzz0apmKEq3f,Default Response Set,Anonymous,,,93.237.62.28,0,2017-07-14 15:54:30,2017-07-14 15:58:18,1,1,2,8,,,1,,2,1,8,7,1,3,6,5,4,2,2,4,3,1,2,3,4,1,2,3,2,1,3,1,3,1,49.686706542969,8.6284027099609,-1,
R_V3BRd6uRKo23Lr3,Default Response Set,Anonymous,,,174.118.77.123,0,2017-07-14 16:11:05,2017-07-14 16:17:10,1,1,2,5,,1,1,,2,2,5,7,4,6,1,8,3,2,2,1,4,2,3,1,2,1,3,4,1,1,2,1,1,2,43.689895629883,-79.385299682617,-1,
R_qyAZhkZURCNWPbr,Default Response Set,Anonymous,,,78.50.223.39,0,2017-07-14 16:36:29,2017-07-14 16:44:06,1,1,2,10,,,,1,1,1,2,3,1,8,6,5,7,4,1,2,3,1,4,4,1,3,4,2,3,1,2,1,1,1,50.120895385742,8.6965942382812,-1,
R_2PAOL64DwbWQqex,Default Response Set,Anonymous,,,194.209.255.26,0,2017-07-14 16:51:15,2017-07-14 16:54:50,1,1,2,7,,,,1,2,1,3,4,1,5,6,7,8,2,3,3,2,1,4,3,4,1,2,3,3,1,3,1,2,1,47.305892944336,8.5556030273438,-1,
R_bOPWdGdoCEPi2BP,Default Response Set,Anonymous,,,106.201.81.229,0,2017-07-14 16:52:17,2017-07-14 17:01:27,1,1,2,8,,1,,1,2,1,1,6,2,3,4,5,7,8,3,2,3,1,4,2,2,1,3,4,1,2,6,2,,2,28.666702270508,77.216705322266,-1,
R_vJrnP0RwJIUWQ8x,Default Response Set,Anonymous,,,49.203.248.28,0,2017-07-14 17:02:01,2017-07-14 17:09:00,1,1,1,6,,,1,,2,2,6,3,2,1,5,4,7,8,3,1,4,3,2,1,2,3,4,1,1,1,3,1,1,1,18.975006103516,72.825805664062,-1,
R_1FtQuZp8Qu8sZ3c,Default Response Set,Anonymous,,,106.79.134.163,0,2017-07-14 17:33:56,2017-07-14 17:39:45,1,1,2,10,,,1,,1,5,5,8,2,6,4,3,7,1,1,3,2,1,4,4,2,1,4,3,2,1,4,1,4,1,18.533294677734,73.86669921875,-1,
R_1hR3TL7l9WC3czM,Default Response Set,Anonymous,,,217.235.253.240,0,2017-07-14 17:40:12,2017-07-14 17:44:14,1,1,1,5,,,1,,3,3,1,3,5,6,7,2,8,4,3,1,3,4,2,2,1,2,4,3,2,3,2,1,2,1,50.985397338867,7.1141052246094,-1,
R_3OjqdSRg5uanJwN,Default Response Set,Anonymous,,,106.209.141.240,0,2017-07-14 17:56:20,2017-07-14 18:00:47,1,1,1,3,,1,,,3,5,4,2,6,8,5,7,3,1,2,1,3,4,2,1,1,2,3,4,1,4,3,1,2,1,18.975006103516,72.825805664062,-1,
R_ZriBpQgYz9wlKzD,Default Response Set,Anonymous,,,114.134.2.227,0,2017-07-14 18:03:25,2017-07-14 18:10:20,1,1,1,3,,1,,,2,2,6,5,7,2,1,4,3,8,1,1,4,3,2,1,3,1,2,4,1,2,2,1,1,2,-37.797393798828,175.26040649414,-1,
R_ClvXlrqzG2WMhK9,Default Response Set,Anonymous,,,116.75.30.159,0,2017-07-14 14:02:21,2017-07-14 18:19:59,1,1,1,2,1,,,,2,2,3,6,2,1,5,8,7,4,2,2,1,3,4,3,1,2,4,3,1,1,5,2,,2,18.533294677734,73.86669921875,-1,
R_W2Kg3aAggnlixVv,Default Response Set,Anonymous,,,103.51.211.217,0,2017-07-14 15:51:16,2017-07-14 18:56:20,1,1,1,5,,,1,,2,2,1,3,4,7,6,5,2,8,1,1,2,3,4,3,3,1,2,4,2,2,3,1,4,1,18.533294677734,73.86669921875,-1,
R_3Gm4ImJHUtNqBT7,Default Response Set,Anonymous,,,82.113.106.96,0,2017-07-14 18:55:55,2017-07-14 19:00:41,1,1,1,3,,,1,,4,3,8,6,2,1,3,4,5,7,2,2,1,4,3,1,4,1,2,3,2,4,2,1,3,2,49.594192504883,8.4718017578125,-1,
R_yR5bUaeUlnv3VWF,Default Response Set,Anonymous,,,49.35.11.211,0,2017-07-14 18:54:56,2017-07-14 19:03:48,1,1,1,3,,,,1,4,4,6,2,1,8,7,4,5,3,1,1,4,2,3,1,1,3,4,2,1,2,3,1,2,2,18.533294677734,73.86669921875,-1,
R_d57MySrvp05USpr,Default Response Set,Anonymous,,,207.244.83.115,0,2017-07-14 19:01:07,2017-07-14 19:04:07,1,1,1,6,,,1,,3,2,8,5,1,2,4,6,7,3,3,1,4,3,2,3,3,1,2,4,3,3,3,1,2,1,38.770095825195,-77.632102966309,-1,
R_2A1e3XM9wETAixF,Default Response Set,Anonymous,,,123.136.193.89,0,2017-07-14 19:10:17,2017-07-14 19:16:02,1,1,2,6,,,,1,2,2,2,4,1,6,7,5,3,8,1,1,3,2,4,4,1,2,4,3,1,1,2,1,3,1,18.533294677734,73.86669921875,-1,
R_12JrvKkiVIZR5Bb,Default Response Set,Anonymous,,,59.97.237.45,0,2017-07-14 19:13:56,2017-07-14 19:18:22,1,1,2,7,,1,1,,2,1,1,2,3,4,5,6,7,8,2,1,3,4,2,3,3,2,4,1,2,1,1,1,1,1,18.533294677734,73.86669921875,-1,
R_3gXZVrAMSpoYWhE,Default Response Set,Anonymous,,,106.67.145.17,0,2017-07-14 19:14:01,2017-07-14 19:22:17,1,1,1,4,,,1,,2,3,1,4,5,6,2,3,7,8,2,1,4,3,2,3,3,1,2,4,1,1,2,1,1,2,18.533294677734,73.86669921875,-1,
R_1pE8vy9MqoVft61,Default Response Set,Anonymous,,,49.14.192.143,0,2017-07-14 19:35:24,2017-07-14 19:39:11,1,1,1,5,,1,,,2,4,5,4,7,6,8,2,3,1,1,1,2,3,4,1,2,3,4,1,1,2,2,1,2,1,18.533294677734,73.86669921875,-1,
R_5mQ6dzIpPr5yFmV,Default Response Set,Anonymous,,,49.35.15.215,0,2017-07-14 19:37:32,2017-07-14 19:40:50,1,1,2,6,,,,1,2,1,7,6,8,5,3,1,4,2,1,1,4,2,3,2,4,1,3,2,1,1,2,1,1,1,18.533294677734,73.86669921875,-1,
R_2YPO5HXbDJsTvW6,Default Response Set,Anonymous,,,42.106.24.209,0,2017-07-14 14:31:59,2017-07-14 19:54:17,1,1,1,,,,,,,,,,,,,,,,,,,,,,,,,,,,,,,,19.997299194336,73.791000366211,-1,
R_ApnfY2KSV6HNRAt,Default Response Set,Anonymous,,,106.193.158.83,0,2017-07-14 20:08:05,2017-07-14 20:11:24,1,1,2,5,,,1,,2,2,7,2,4,3,6,5,8,1,2,1,2,4,3,3,2,3,4,1,2,1,3,1,1,2,18.533294677734,73.86669921875,-1,
R_3iwh0KgIaVhDeBY,Default Response Set,Anonymous,,,106.193.128.157,0,2017-07-14 21:29:30,2017-07-14 21:36:55,1,1,1,5,,1,,,2,2,7,8,6,4,5,1,3,2,1,1,3,4,2,1,3,1,2,4,1,2,2,1,2,1,18.533294677734,73.86669921875,-1,
R_Xw8hkxNGoObGGv7,Default Response Set,Anonymous,,,79.224.206.7,0,2017-07-14 22:30:18,2017-07-14 22:34:09,1,1,1,6,,,1,,2,2,3,8,6,4,5,1,7,2,3,1,3,2,4,2,3,1,4,2,2,2,2,1,3,2,50.125,8.6761932373047,-1,
R_3g1r0nthxdL2RXW,Default Response Set,Anonymous,,,93.212.46.103,0,2017-07-14 22:54:31,2017-07-14 23:03:46,1,1,2,4,,,1,,4,4,4,8,5,7,3,2,6,1,1,1,2,3,4,3,4,1,2,3,2,1,2,1,3,2,50.116195678711,8.6365051269531,-1,
R_8e9J5HxTTyWq3a9,Default Response Set,Anonymous,,,116.75.17.238,0,2017-07-14 23:00:45,2017-07-14 23:08:14,1,1,2,8,,,1,,1,1,1,6,4,2,3,5,8,7,3,1,3,2,4,3,3,1,4,2,1,1,2,1,3,1,18.533294677734,73.86669921875,-1,
R_3hmcBvSpeKL5paB,Default Response Set,Anonymous,,,93.209.254.136,0,2017-07-15 00:24:20,2017-07-15 00:28:04,1,1,1,7,,1,,,3,4,4,5,2,6,8,3,7,1,1,1,2,4,3,3,3,4,2,1,1,2,2,1,4,1,50.63330078125,8.1833038330078,-1,
R_RDBZcU5AkU1HaqB,Default Response Set,Anonymous,,,108.28.18.40,0,2017-07-15 04:00:26,2017-07-15 04:05:40,1,1,1,5,,1,,,2,2,3,6,4,2,1,7,8,5,2,,,,,3,3,2,1,4,1,1,2,1,1,2,38.935806274414,-77.162101745605,-1,
R_PSTv5V0OiBC9iRX,Default Response Set,Anonymous,,,106.216.171.74,0,2017-07-15 04:21:10,2017-07-15 04:25:56,1,1,1,10,,1,,,5,5,8,7,6,3,4,5,2,1,1,2,3,1,4,1,4,2,1,3,1,5,3,1,2,1,12.983306884766,77.583312988281,-1,
R_3IbqjgoXAVZTTCy,Default Response Set,Anonymous,,,49.35.9.52,0,2017-07-15 05:09:51,2017-07-15 05:14:50,1,1,2,10,,,,1,2,1,3,8,5,2,4,6,7,1,2,2,4,1,3,3,1,3,2,4,1,1,2,1,4,1,21.149993896484,79.100006103516,-1,
R_1IH3zLAa7ZMx1zs,Default Response Set,Anonymous,,,49.35.13.190,0,2017-07-15 05:24:09,2017-07-15 05:31:06,1,1,1,5,,1,,,3,3,1,2,3,6,5,4,7,8,1,,,,,1,3,2,1,4,1,2,3,1,2,1,18.533294677734,73.86669921875,-1,
R_2YJ11PH4qzsqgDy,Default Response Set,Anonymous,,,103.82.42.193,0,2017-07-15 06:24:37,2017-07-15 06:29:56,1,1,2,8,,,,1,1,1,3,7,2,6,8,4,5,1,3,2,3,1,4,2,3,1,2,4,3,1,2,1,3,1,16.86669921875,74.566696166992,-1,
R_2WAaEGAuzHQiXS5,Default Response Set,Anonymous,,,203.109.124.205,0,2017-07-15 06:38:56,2017-07-15 06:44:22,1,1,1,5,,,1,,2,2,8,7,1,5,4,2,6,3,2,1,3,2,4,3,2,1,3,4,1,2,2,1,2,1,18.533294677734,73.86669921875,-1,
R_21FhVvOZ7KjdFwM,Default Response Set,Anonymous,,,149.62.200.54,0,2017-07-15 07:39:00,2017-07-15 07:45:57,1,1,1,5,,1,,,3,3,2,3,4,1,5,6,7,8,2,1,4,3,2,1,4,2,1,3,1,1,2,1,1,1,42.699996948242,23.333297729492,-1,
R_25uu8RRJObrtKIR,Default Response Set,Anonymous,,,1.187.32.7,0,2017-07-15 07:40:22,2017-07-15 07:54:35,1,1,2,5,,,1,,1,1,6,5,8,7,4,3,2,1,2,1,2,4,3,2,1,2,3,4,1,1,2,1,2,1,18.533294677734,73.86669921875,-1,
R_2By2QysRAe9PK5l,Default Response Set,Anonymous,,,85.242.159.207,0,2017-07-15 08:05:16,2017-07-15 08:10:59,1,1,1,2,,1,,,2,2,1,2,4,5,6,3,7,8,2,2,3,4,1,2,1,3,4,2,2,5,2,1,2,,38.716705322266,-9.13330078125,-1,
R_1jpR8KNqNgYPmpm,Default Response Set,Anonymous,,,60.254.5.95,0,2017-07-15 08:43:19,2017-07-15 08:49:09,1,1,1,5,,1,1,,4,2,8,5,1,7,3,6,4,2,1,3,1,4,2,3,2,1,3,4,2,2,2,1,2,1,18.975006103516,72.825805664062,-1,
R_YaiSmlw1rYtrc9X,Default Response Set,Anonymous,,,42.106.17.137,0,2017-07-15 08:53:14,2017-07-15 09:00:12,1,1,1,6,,,1,,4,5,1,5,8,3,2,4,6,7,2,1,3,4,2,1,3,1,2,4,1,2,2,1,3,2,20,77,-1,
R_2Ehu1FXcytHmprT,Default Response Set,Anonymous,,,42.106.17.137,0,2017-07-15 08:53:16,2017-07-15 09:00:49,1,1,1,5,,1,,,2,1,2,7,4,1,5,3,6,8,2,1,3,2,4,1,2,1,3,4,2,2,2,1,3,2,20,77,-1,
R_1jdZPC9i5sWpXvV,Default Response Set,Anonymous,,,106.51.140.75,0,2017-07-15 09:04:52,2017-07-15 09:08:44,1,1,1,6,,,1,,2,3,5,4,7,6,2,8,1,3,1,1,4,2,3,1,1,2,3,4,1,4,6,1,1,2,12.983306884766,77.583312988281,-1,
R_1o0UagrIY5sk3OY,Default Response Set,Anonymous,,,49.35.9.60,0,2017-07-15 09:42:04,2017-07-15 09:44:07,1,1,,1,1,,,,1,1,1,5,3,2,4,6,7,8,1,3,1,2,4,2,2,3,4,1,,2,1,1,1,2,18.533294677734,73.86669921875,-1,
R_3NE5kfH8mVatapq,Default Response Set,Anonymous,,,183.82.183.127,0,2017-07-14 13:14:30,2017-07-15 10:25:09,1,1,1,6,,1,,,2,2,7,5,2,4,8,3,6,1,2,3,4,2,1,3,4,1,2,3,3,1,3,1,3,1,17.375305175781,78.474395751953,-1,
R_UxBO2PE3fFBkncZ,Default Response Set,Anonymous,,,88.74.224.94,0,2017-07-15 11:19:09,2017-07-15 11:25:30,1,1,1,9,,1,,,3,3,1,8,5,2,7,6,4,3,1,,,,,2,3,1,2,4,2,2,2,1,1,2,51.299301147461,9.4909973144531,-1,
R_27PhtO1t62bf23W,Default Response Set,Anonymous,,,103.215.243.5,0,2017-07-15 11:38:48,2017-07-15 11:45:03,1,1,1,7,,,1,,1,5,8,5,1,7,4,6,2,3,2,1,4,3,2,2,3,2,1,4,3,3,3,1,3,1,26.183303833008,91.733306884766,-1,
R_1QheofiB2ChSg7F,Default Response Set,Anonymous,,,117.223.189.120,0,2017-07-15 11:59:47,2017-07-15 12:06:08,1,1,1,2,,1,,,5,3,8,3,6,7,1,2,5,4,1,4,3,2,1,1,2,1,4,3,1,2,2,1,1,2,10.992492675781,76.961395263672,-1,
R_sFCQTmrrynLABQR,Default Response Set,Anonymous,,,49.248.9.20,0,2017-07-15 12:04:30,2017-07-15 12:09:04,1,1,1,5,,1,,,3,3,8,7,1,5,2,3,4,6,1,1,3,4,2,1,3,1,2,4,2,2,3,1,3,1,18.975006103516,72.825805664062,-1,
R_1o6WIyCVlEGRfxY,Default Response Set,Anonymous,,,171.50.239.29,0,2017-07-15 12:58:34,2017-07-15 13:06:43,1,1,1,9,,1,,,1,1,6,1,3,2,5,8,4,7,3,1,2,4,3,3,1,2,4,3,2,3,2,1,1,1,18.975006103516,72.825805664062,-1,
R_3hA21bJGQyfRum8,Default Response Set,Anonymous,,,73.68.45.229,0,2017-07-15 13:55:31,2017-07-15 14:10:22,1,1,2,8,,,1,,1,2,1,3,5,2,4,6,7,8,2,1,4,2,3,2,4,1,3,2,2,1,3,1,3,1,44.532699584961,-73.057998657227,-1,
R_2aLhdhy0YAmydS6,Default Response Set,Anonymous,,,182.70.48.131,0,2017-07-15 15:35:48,2017-07-15 15:51:44,1,1,2,8,,,,1,1,1,3,4,2,8,7,6,5,1,1,1,3,2,4,2,2,1,4,3,2,1,2,1,1,1,18.975006103516,72.825805664062,-1,
R_2VjPW7pVvYviBOk,Default Response Set,Anonymous,,,106.51.243.127,0,2017-07-15 16:00:18,2017-07-15 16:04:41,1,1,1,5,,1,,,2,4,6,1,8,4,7,5,3,2,1,1,3,4,2,1,1,2,3,4,2,3,2,1,4,1,12.983306884766,77.583312988281,-1,
R_3PGL49Z8XePgSrA,Default Response Set,Anonymous,,,183.87.62.222,0,2017-07-15 16:11:03,2017-07-15 16:14:43,1,1,2,10,,,,1,1,1,4,6,2,1,5,7,8,3,4,,,,,4,1,2,3,4,2,1,2,1,,1,18.75,73.416702270508,-1,
R_3iLjnDATCgFVNGr,Default Response Set,Anonymous,,,37.201.102.12,0,2017-07-15 16:33:42,2017-07-15 16:37:20,1,1,2,7,,,,1,1,1,2,8,6,5,4,3,7,1,2,1,3,2,4,4,3,1,2,4,2,1,2,2,,2,50.120895385742,8.6965942382812,-1,
R_2P6BhIbYcl30Xec,Default Response Set,Anonymous,,,109.153.142.108,0,2017-07-15 17:04:16,2017-07-15 17:14:26,1,1,1,7,,,,1,3,2,6,8,1,7,3,2,5,4,4,3,4,1,2,3,2,1,3,4,3,1,2,1,1,1,51.520706176758,-0.19650268554688,-1,
R_1gekb84rjePfBl2,Default Response Set,Anonymous,,,79.214.241.71,0,2017-07-15 18:00:13,2017-07-15 18:04:15,1,1,2,8,,,,1,2,1,6,8,1,7,3,2,5,4,2,3,2,1,4,2,3,2,4,1,2,1,2,1,2,1,50.145706176758,8.6549072265625,-1,
R_2bQum6FfWJ06zdY,Default Response Set,Anonymous,,,117.248.180.47,0,2017-07-15 18:03:10,2017-07-15 18:11:31,1,1,1,7,,,1,,4,3,1,8,3,4,5,6,7,2,2,1,4,2,3,2,3,1,4,2,2,2,3,1,2,1,18.533294677734,73.86669921875,-1,
R_1PRWX3D23fI9SvW,Default Response Set,Anonymous,,,108.50.198.7,0,2017-07-15 18:24:15,2017-07-15 18:28:15,1,1,1,3,,,1,,1,2,6,8,2,5,4,3,7,1,2,1,3,2,4,1,3,4,2,1,1,2,2,1,1,2,40.716705322266,-74.078102111816,-1,
R_DveZc0cc4VjIVUJ,Default Response Set,Anonymous,,,49.248.9.20,0,2017-07-15 18:24:13,2017-07-15 18:28:57,1,1,1,5,,1,1,,2,3,5,7,6,1,3,4,2,8,1,1,4,3,2,3,1,2,3,4,2,3,3,1,1,2,18.975006103516,72.825805664062,-1,
R_SYK0U4ueUovCkOB,Default Response Set,Anonymous,,,27.59.90.6,0,2017-07-15 18:37:23,2017-07-15 18:42:29,1,1,1,5,,,,1,1,1,7,5,3,8,4,6,2,1,2,1,4,2,3,2,2,1,3,4,1,1,2,1,2,1,12.983306884766,77.583312988281,-1,
R_27UVfVvSeF26Ioc,Default Response Set,Anonymous,,,24.118.69.52,0,2017-07-15 18:27:06,2017-07-15 18:51:13,1,1,2,8,,,1,,1,2,1,2,3,4,7,6,5,8,1,1,3,2,4,2,2,1,3,4,2,1,4,1,3,1,44.919799804688,-92.943801879883,-1,
R_NX9HQHM3tVuS0qR,Default Response Set,Anonymous,,,66.41.223.131,0,2017-07-15 18:54:00,2017-07-15 19:00:23,1,1,2,8,,,,1,1,1,1,4,2,5,3,6,7,8,2,2,3,1,4,3,2,1,3,4,3,1,4,1,3,1,44.919799804688,-92.943801879883,-1,
R_2QDwncN4v17LlHz,Default Response Set,Anonymous,,,27.63.31.131,0,2017-07-15 19:09:48,2017-07-15 19:31:35,1,1,2,7,,,,1,1,2,6,7,3,8,5,1,4,2,3,1,2,3,4,3,1,2,4,3,1,1,2,1,4,1,17.375305175781,78.474395751953,-1,
R_23WwhD4fm39AMqa,Default Response Set,Anonymous,,,68.34.200.17,0,2017-07-15 20:44:23,2017-07-15 20:48:46,1,1,2,5,,,1,,2,2,6,5,8,7,2,3,4,1,2,2,4,3,1,3,4,1,2,3,3,2,5,1,4,1,36.208206176758,-86.878997802734,-1,
R_wOfT8rwGznif03f,Default Response Set,Anonymous,,,157.48.12.217,0,2017-07-15 21:46:20,2017-07-15 21:54:54,1,1,2,2,,,,1,2,5,3,8,5,1,2,7,4,6,1,1,3,2,4,2,2,1,4,3,1,1,2,1,3,1,17.375305175781,78.474395751953,-1,
R_24kPLtGIEbJn0rT,Default Response Set,Anonymous,,,50.39.101.136,0,2017-07-15 23:33:20,2017-07-15 23:37:26,1,1,1,1,,1,1,,2,4,6,4,7,2,5,1,3,8,1,,,,,1,3,1,2,4,1,2,3,1,1,2,45.553405761719,-122.8191986084,-1,
R_1FydrMTNPcbBJcF,Default Response Set,Anonymous,,,67.81.48.60,0,2017-07-15 23:49:19,2017-07-15 23:53:34,1,1,1,5,,1,1,,1,2,1,7,6,3,5,2,4,8,4,1,3,4,2,1,4,2,1,3,1,1,3,1,4,1,40.212005615234,-74.57250213623,-1,
R_25F7jc7JL2w0UyP,Default Response Set,Anonymous,,,85.182.42.101,0,2017-07-16 13:30:29,2017-07-16 13:38:42,1,1,1,2,,,1,,2,1,3,8,4,6,2,1,5,7,2,1,4,2,3,2,4,1,3,2,1,2,3,2,,2,51.470596313477,6.8567962646484,-1,
R_1mFAGx4HUzXqU9o,Default Response Set,Anonymous,,,5.169.238.204,0,2017-07-16 15:16:43,2017-07-16 15:22:07,1,1,1,6,,,1,,5,4,5,7,6,4,1,2,8,3,1,1,3,2,4,2,3,2,1,4,2,1,4,1,3,2,45.070495605469,7.6867980957031,-1,
R_C7SeQh5xJv3VKdH,Default Response Set,Anonymous,,,5.170.124.53,0,2017-07-16 18:45:12,2017-07-16 18:50:20,1,1,1,4,,,1,,3,4,,,,,,,,,3,3,2,4,1,1,4,1,2,3,1,3,5,1,3,1,41.899993896484,12.483306884766,-1,
R_3sBbOGsamHa2oTL,Default Response Set,Anonymous,,,188.97.248.164,0,2017-07-16 19:24:48,2017-07-16 19:28:20,1,1,1,5,,,1,1,4,4,7,6,2,8,3,4,5,1,1,1,2,4,3,3,4,2,1,3,1,1,2,1,4,2,50.133895874023,8.5269927978516,-1,
R_1odtNtAdtzbsbve,Default Response Set,Anonymous,,,172.5.212.49,0,2017-07-16 20:10:59,2017-07-16 20:14:42,1,1,2,8,,,1,,1,1,1,5,8,2,6,7,4,3,2,2,3,1,4,2,3,2,1,4,2,1,4,1,2,2,42.216705322266,-83.740600585938,-1,
R_qFtbm65WKk8E3gB,Default Response Set,Anonymous,,,188.93.81.209,0,2017-07-16 21:49:37,2017-07-16 21:55:37,1,1,2,10,,,,1,1,2,3,4,2,6,5,7,8,1,1,2,3,1,4,3,3,2,1,4,3,1,5,1,2,1,51.050003051758,3.7167053222656,-1,
R_T7sdFuMi0CEKROh,Default Response Set,Anonymous,,,204.214.145.6,0,2017-07-17 03:56:52,2017-07-17 04:02:44,1,1,2,8,,,1,,2,1,3,5,7,4,6,8,2,1,3,3,4,2,1,2,4,2,1,3,1,1,3,1,4,1,32.778701782227,-96.821701049805,-1,
R_2VPdjzhgY3SZlcB,Default Response Set,Anonymous,,,193.78.85.153,0,2017-07-17 07:59:29,2017-07-17 08:19:44,1,1,2,8,,,,1,2,2,4,3,2,5,6,7,8,1,2,3,2,1,4,3,2,1,4,3,2,2,3,1,2,1,52.239395141602,21.036193847656,-1,
R_29c6I8S8Q643xQd,Default Response Set,Anonymous,,,46.189.28.234,0,2017-07-17 08:11:34,2017-07-17 08:19:56,1,1,1,5,,,,1,5,4,4,7,5,8,2,6,3,1,2,2,3,4,1,1,3,2,4,1,1,3,4,1,3,1,52.516693115234,13.399993896484,-1,
R_RaVKNwY3DhYFeet,Default Response Set,Anonymous,,,193.78.85.153,0,2017-07-17 08:11:45,2017-07-17 08:21:23,1,1,1,6,,,1,,2,2,1,8,7,3,4,2,5,6,2,1,2,3,4,2,1,3,2,4,2,2,5,1,3,2,52.239395141602,21.036193847656,-1,
R_1Lb3aWcsmrMeDxu,Default Response Set,Anonymous,,,134.61.64.83,0,2017-07-17 08:19:40,2017-07-17 08:23:47,1,1,2,5,,,,1,4,4,7,3,1,6,2,5,8,4,2,3,2,1,4,1,1,2,3,4,2,2,3,1,,,50.778701782227,6.1085052490234,-1,
R_9ZTleNFrF0UI4ut,Default Response Set,Anonymous,,,193.78.85.153,0,2017-07-17 08:15:09,2017-07-17 08:24:50,1,1,1,1,1,,,,3,4,1,5,6,7,2,3,8,4,1,1,3,4,2,1,4,1,3,2,1,3,5,1,2,2,52.239395141602,21.036193847656,-1,
R_PwirQuU3gtWUHst,Default Response Set,Anonymous,,,80.24.40.35,0,2017-07-17 08:27:18,2017-07-17 08:32:34,1,1,2,3,,,1,,4,4,7,6,5,8,1,2,4,3,1,2,3,4,1,2,3,4,2,1,1,1,4,1,3,2,42.350204467773,-3.67529296875,-1,
R_1mzaaDcqT3QSfoy,Default Response Set,Anonymous,,,193.78.85.153,0,2017-07-17 08:24:34,2017-07-17 08:33:36,1,1,1,5,,1,,,5,3,7,4,3,8,2,5,6,1,1,3,2,1,4,3,3,2,4,1,2,3,3,1,3,1,52.239395141602,21.036193847656,-1,
R_4GG2tjphiLLCwwN,Default Response Set,Anonymous,,,193.78.85.153,0,2017-07-17 08:21:19,2017-07-17 08:34:02,1,1,1,4,,,1,,3,4,5,6,1,7,4,3,8,2,2,1,2,3,4,3,1,3,4,2,2,1,2,1,2,2,52.239395141602,21.036193847656,-1,
R_2tyWIFUuyQuApGw,Default Response Set,Anonymous,,,95.91.248.58,0,2017-07-17 08:42:03,2017-07-17 08:48:10,1,1,2,4,,,1,,4,3,4,3,5,6,7,1,8,2,1,1,3,2,4,2,2,1,4,3,2,2,3,1,3,1,48.152603149414,11.515396118164,-1,
R_3HGCSPqU7FEbJgR,Default Response Set,Anonymous,,,122.255.73.48,0,2017-07-17 08:46:30,2017-07-17 08:50:17,1,1,1,5,,1,1,,2,4,8,2,3,7,1,4,5,6,1,1,3,2,4,1,2,1,3,4,2,2,2,1,1,2,18.533294677734,73.86669921875,-1,
R_2VqMDfXA6W0vfOH,Default Response Set,Anonymous,,,193.194.132.76,0,2017-07-17 09:01:12,2017-07-17 09:05:17,1,1,1,2,1,,,,5,4,,,,,,,,,,1,3,4,2,1,1,3,2,4,1,4,5,1,4,1,48.858200073242,2.3386993408203,-1,
R_3kBsHyLwzjCtbcp,Default Response Set,Anonymous,,,80.187.114.10,0,2017-07-17 09:17:50,2017-07-17 09:23:38,1,1,1,6,,1,,,3,4,1,6,4,5,3,2,7,8,1,1,2,3,4,2,3,1,4,2,2,2,2,1,2,1,51.299301147461,9.4909973144531,-1,
R_28BfRhAjJ0Ibha4,Default Response Set,Anonymous,,,193.78.85.153,0,2017-07-17 09:18:34,2017-07-17 09:28:03,1,1,1,4,,1,,,4,3,1,5,6,3,7,8,4,2,1,1,3,4,2,1,4,1,2,3,3,4,5,1,4,1,52.239395141602,21.036193847656,-1,
R_3smQf77YYaHN0jw,Default Response Set,Anonymous,,,193.78.85.153,0,2017-07-17 09:31:47,2017-07-17 09:39:12,1,1,1,7,,,1,,2,1,1,6,2,7,3,4,8,5,2,2,3,1,4,3,1,2,4,3,2,1,5,1,4,1,52.239395141602,21.036193847656,-1,
R_2CpRlmXUTy8anex,Default Response Set,Anonymous,,,193.78.85.153,0,2017-07-17 09:45:40,2017-07-17 09:49:25,1,1,2,7,,,,1,3,2,1,6,5,4,2,7,8,3,1,2,4,1,3,3,,,,,1,1,3,2,,2,52.239395141602,21.036193847656,-1,
R_26vzdalJZtweamB,Default Response Set,Anonymous,,,193.78.85.153,0,2017-07-17 09:26:53,2017-07-17 09:52:16,1,1,2,7,,,,1,3,2,7,6,1,8,4,3,5,2,3,1,3,2,4,3,4,1,2,3,1,1,3,1,4,1,52.239395141602,21.036193847656,-1,
R_1f0YY716EhrQFOz,Default Response Set,Anonymous,,,193.78.85.153,0,2017-07-17 10:08:50,2017-07-17 10:13:14,1,1,1,5,,,1,,5,4,1,6,2,5,3,4,7,8,1,,,,,2,2,1,4,3,3,1,3,1,3,1,52.239395141602,21.036193847656,-1,
R_3pojWaYHomKhFDG,Default Response Set,Anonymous,,,193.78.85.153,0,2017-07-17 10:13:36,2017-07-17 10:18:36,1,1,1,7,,,1,,2,4,5,7,1,4,2,3,8,6,2,2,1,3,4,1,4,2,1,3,1,2,5,1,4,1,52.239395141602,21.036193847656,-1,
R_1H5BWv98934oizJ,Default Response Set,Anonymous,,,84.177.153.198,0,2017-07-17 10:39:04,2017-07-17 10:45:34,1,1,1,8,,,1,,2,2,3,4,1,2,5,6,7,8,2,2,4,3,1,3,3,2,1,4,2,2,5,1,4,1,49.075607299805,12.194198608398,-1,
R_1lB86mVU9tMk1Cf,Default Response Set,Anonymous,,,193.78.85.153,0,2017-07-17 10:59:25,2017-07-17 11:03:58,1,1,1,3,,,1,,2,2,1,6,4,8,3,2,7,5,2,3,2,1,4,3,2,1,4,3,1,1,2,1,4,1,52.239395141602,21.036193847656,-1,
R_2RaCD3T6j5g4tMi,Default Response Set,Anonymous,,,193.78.85.153,0,2017-07-17 11:32:31,2017-07-17 11:36:29,1,1,2,8,,,1,,1,2,1,6,3,2,4,5,7,8,1,1,3,2,4,2,3,2,1,4,2,1,3,2,,2,52.239395141602,21.036193847656,-1,
R_1rqeGG4YdSb3KtL,Default Response Set,Anonymous,,,62.96.181.178,0,2017-07-17 10:49:14,2017-07-17 11:52:29,1,1,2,6,,,,1,4,3,4,5,6,7,3,2,8,1,,1,4,3,2,2,,,,,3,1,3,1,1,1,51.496398925781,-0.12240600585938,-1,
R_3FR1mOgkgSqXCm0,Default Response Set,Anonymous,,,158.193.238.119,0,2017-07-17 11:53:31,2017-07-17 11:57:39,1,1,1,8,,,,1,1,1,1,4,3,5,6,7,8,2,2,,,,,2,1,3,2,4,1,1,5,1,4,1,49.216705322266,18.733306884766,-1,
R_exmpvf4K1VTjzMJ,Default Response Set,Anonymous,,,89.245.149.2,0,2017-07-17 12:45:23,2017-07-17 12:53:05,1,1,2,9,,,,1,5,4,3,4,2,5,6,7,1,8,2,1,4,2,3,4,3,1,4,2,2,1,4,1,3,1,51.666702270508,8.3500061035156,-1,
R_2wdhqaqjeRxXy26,Default Response Set,Anonymous,,,165.225.72.129,0,2017-07-17 12:56:28,2017-07-17 12:58:50,1,1,2,9,,,,1,2,1,1,7,5,8,2,3,6,4,2,2,3,1,4,4,2,3,4,1,2,1,2,1,2,2,50.113693237305,8.7118988037109,-1,
R_3D6lbgVx8gPTsZW,Default Response Set,Anonymous,,,60.241.240.47,0,2017-07-17 12:51:10,2017-07-17 13:01:37,1,1,1,7,,,,1,1,2,3,7,1,2,4,5,6,8,3,1,3,2,4,3,3,1,2,4,1,1,3,1,1,1,-33.791793823242,151.08059692383,-1,
R_zdnQvq8EHWIodzz,Default Response Set,Anonymous,,,178.10.133.98,0,2017-07-17 13:10:21,2017-07-17 13:18:04,1,1,2,10,,,1,,1,1,6,7,2,5,4,3,8,1,4,1,3,2,4,2,3,1,2,4,3,1,5,1,3,2,49.12809753418,8.5836029052734,-1,
R_10P1tMVmMkPViR7,Default Response Set,Anonymous,,,49.35.23.17,0,2017-07-17 13:27:42,2017-07-17 13:31:49,1,1,2,6,,1,1,,4,3,4,8,2,1,3,7,5,6,2,1,2,3,4,2,,,,,2,2,1,2,,1,18.533294677734,73.86669921875,-1,
R_3fq9pISN5VECIAx,Default Response Set,Anonymous,,,42.106.96.47,0,2017-07-17 13:36:00,2017-07-17 13:42:50,1,1,1,8,,,1,,1,2,2,3,8,1,7,6,5,4,3,1,4,3,2,1,2,3,1,4,1,2,2,1,1,2,18.533294677734,73.86669921875,-1,
R_3NIKShCOa50KCil,Default Response Set,Anonymous,,,193.78.85.153,0,2017-07-17 14:51:29,2017-07-17 14:55:46,1,1,2,8,,,,1,1,1,5,7,1,6,3,4,8,2,2,3,4,1,2,3,,,,,2,1,3,1,4,1,52.239395141602,21.036193847656,-1,
R_3kif6MEwoJcmK3z,Default Response Set,Anonymous,,,178.203.233.145,0,2017-07-17 14:58:59,2017-07-17 15:11:17,1,1,1,6,,1,,,2,4,6,4,5,7,2,3,1,8,2,4,3,1,2,2,4,1,3,2,2,2,2,1,2,1,50.116195678711,8.6365051269531,-1,
R_3FW0oXnrfjkfuDV,Default Response Set,Anonymous,,,193.78.85.153,0,2017-07-17 15:31:15,2017-07-17 15:38:43,1,1,1,8,,1,1,1,2,2,2,6,3,8,4,1,7,5,1,4,2,1,3,3,4,3,1,2,1,1,3,1,4,1,52.239395141602,21.036193847656,-1,
R_C9tzprn7EWpUdoZ,Default Response Set,Anonymous,,,193.78.85.153,0,2017-07-17 16:40:55,2017-07-17 17:07:31,1,1,2,10,,,,1,2,1,4,8,1,5,2,3,6,7,3,3,2,1,4,3,,,,,1,1,3,1,4,1,52.239395141602,21.036193847656,-1,
R_23f545900SdQc1m,Default Response Set,Anonymous,,,117.223.154.233,0,2017-07-17 17:50:38,2017-07-17 18:02:18,1,1,1,6,,,1,,2,2,3,5,4,2,6,7,8,1,3,1,4,2,3,1,1,2,3,4,2,2,1,1,2,2,18.533294677734,73.86669921875,-1,
R_1g7rGijFV78H1Ew,Default Response Set,Anonymous,,,87.123.40.100,0,2017-07-17 18:38:15,2017-07-17 18:41:38,1,1,2,10,,,,1,1,1,1,6,2,7,3,5,8,4,4,3,2,1,4,3,2,3,1,4,3,1,3,1,4,1,51.216003417969,7.1417999267578,-1,
R_3IPQRfWbJOeeOqG,Default Response Set,Anonymous,,,104.132.51.110,0,2017-07-17 20:18:17,2017-07-17 20:25:07,1,1,2,10,,,,1,1,1,7,6,1,5,3,2,8,4,4,3,2,1,4,4,4,1,3,2,3,1,3,1,3,1,47.685394287109,-122.28720092773,-1,
R_zU4hWoIEtbjOnPr,Default Response Set,Anonymous,,,176.198.174.117,0,2017-07-17 19:45:41,2017-07-17 22:17:32,1,1,2,6,,1,1,,3,2,6,5,1,4,3,2,7,8,2,4,1,2,3,3,3,1,2,4,3,1,3,1,4,1,50.044097900391,8.2035980224609,-1,
R_3pxagND5NE9mV7r,Default Response Set,Anonymous,,,99.37.53.33,0,2017-07-17 23:47:42,2017-07-17 23:51:05,1,1,1,5,,,1,,2,2,3,4,8,6,7,5,2,1,2,1,4,2,3,4,4,2,1,3,1,2,4,1,2,1,35.871307373047,-78.539398193359,-1,
R_2sTlEuyKxUZKnWd,Default Response Set,Anonymous,,,157.49.2.58,0,2017-07-18 08:07:51,2017-07-18 08:14:15,1,1,2,5,,,,1,3,1,5,6,1,4,8,7,3,2,2,3,2,1,4,3,3,2,1,4,1,1,3,1,1,1,12.983306884766,77.583312988281,-1,
R_ZrDkosNbm8BrGhj,Default Response Set,Anonymous,,,193.78.85.153,0,2017-07-18 09:52:23,2017-07-18 09:56:45,1,1,2,9,,,,1,5,4,5,6,4,7,3,2,8,1,2,,,,,3,1,2,4,3,2,1,4,1,3,1,52.239395141602,21.036193847656,-1,
R_b8jp1OpHtPUxWzn,Default Response Set,Anonymous,,,193.78.85.153,0,2017-07-18 09:55:07,2017-07-18 16:36:56,1,1,1,4,,1,,,2,4,8,6,7,3,4,5,2,1,3,2,1,4,3,1,3,1,4,2,1,4,3,1,3,2,52.239395141602,21.036193847656,-1,
R_1i9hx6EC138G846,Default Response Set,Anonymous,,,193.78.85.153,0,2017-07-18 16:49:51,2017-07-18 17:00:18,1,1,1,5,,,1,,5,5,3,8,4,7,1,5,6,2,1,1,4,3,2,1,2,3,1,4,3,3,6,1,4,1,52.239395141602,21.036193847656,-1,
R_BulzjX8fyxHYNEJ,Default Response Set,Anonymous,,,62.96.181.178,0,2017-07-18 18:21:49,2017-07-18 18:28:43,1,1,2,5,,,,1,4,3,6,5,2,7,4,3,8,1,2,3,2,1,4,3,,,,,2,1,4,1,2,1,51.496398925781,-0.12240600585938,-1,
R_1CD4WI7pBxfy8RQ,Default Response Set,Anonymous,,,71.10.91.232,0,2017-07-19 00:32:30,2017-07-19 00:40:46,1,1,2,5,,,1,,3,4,1,4,7,5,2,3,6,8,2,2,4,1,3,2,3,1,2,4,1,2,6,1,3,2,45.09049987793,-93.717102050781,-1,
R_3kBTuNBKMOdaOgB,Default Response Set,Anonymous,,,49.226.53.144,0,2017-07-19 01:17:52,2017-07-19 01:23:46,1,1,1,7,,1,,,3,2,3,4,5,8,7,6,2,1,2,1,4,3,2,2,1,4,2,3,1,1,3,1,2,2,-41,174,-1,
R_1qV95FAGGfrO7i7,Default Response Set,Anonymous,,,49.35.22.47,0,2017-07-19 04:48:15,2017-07-19 04:51:53,1,1,2,7,,1,,,2,1,2,4,1,3,6,8,5,7,3,1,4,2,3,,4,1,3,2,1,1,2,1,2,1,18.533294677734,73.86669921875,-1,
R_1f13rbAE9vzDlmK,Default Response Set,Anonymous,,,193.78.85.153,0,2017-07-19 09:05:38,2017-07-19 09:12:56,1,1,1,8,,,1,,2,4,1,6,5,7,3,2,8,4,1,1,3,4,2,2,3,1,2,4,3,2,5,1,4,1,52.239395141602,21.036193847656,-1,
R_3n8mgAM9nPg79Cu,Default Response Set,Anonymous,,,193.78.85.153,0,2017-07-19 09:46:52,2017-07-19 09:49:58,1,1,2,9,,,,1,2,1,2,8,1,5,4,6,7,3,2,2,3,1,4,3,,,,,2,1,2,1,4,1,52.239395141602,21.036193847656,-1,
R_3IPGLanRT5Yi2tT,Default Response Set,Anonymous,,,80.150.76.110,0,2017-07-19 12:46:36,2017-07-19 12:58:19,1,1,1,6,,1,,,3,2,3,2,1,4,7,8,6,5,2,2,1,3,4,2,3,1,2,4,2,2,4,1,3,1,51.299301147461,9.4909973144531,-1,
R_32QmVjgaG4Sozup,Default Response Set,Anonymous,,,165.225.72.136,0,2017-07-19 14:09:09,2017-07-19 14:21:13,1,1,1,3,1,,,,5,5,4,2,6,7,5,3,8,1,,1,2,4,3,1,3,1,4,2,2,4,2,2,,2,50.113693237305,8.7118988037109,-1,
R_2tDQYxp4unmylC1,Default Response Set,Anonymous,,,89.164.190.130,0,2017-07-19 21:31:18,2017-07-19 21:39:23,1,1,1,3,,1,1,,2,4,2,7,5,1,4,3,6,8,3,1,4,2,3,1,2,1,3,4,1,4,2,2,,2,45.733306884766,15.966705322266,-1,
R_3IWz4fzgZ0x0EbF,Default Response Set,Anonymous,,,94.253.153.90,0,2017-07-19 21:54:26,2017-07-19 21:58:42,1,1,1,1,,1,,,5,5,2,5,6,3,7,8,1,4,1,1,2,4,3,2,2,4,3,1,2,3,2,1,1,2,45.733306884766,15.966705322266,-1,
R_3nBKQHGP31874N2,Default Response Set,Anonymous,,,178.2.227.72,0,2017-07-19 21:57:59,2017-07-19 22:02:38,1,1,1,5,,1,,,4,3,2,3,4,1,5,6,7,8,1,1,2,4,3,2,1,3,4,2,1,3,2,1,3,1,48.766693115234,9.1833038330078,-1,
R_2dEem59lYduEUjr,Default Response Set,Anonymous,,,188.252.165.196,0,2017-07-19 21:57:25,2017-07-19 22:03:20,1,1,1,1,,1,,,5,5,8,1,2,7,6,5,4,3,,3,2,4,1,1,3,2,4,1,1,4,2,1,3,2,45.733306884766,15.966705322266,-1,
R_ZdzfCQ4l0xIRKBH,Default Response Set,Anonymous,,,31.147.7.33,0,2017-07-19 22:00:28,2017-07-19 22:15:05,1,1,1,4,,,1,,4,3,2,5,1,3,4,7,6,8,1,1,4,2,3,3,4,1,2,3,2,1,3,1,4,1,45.166702270508,15.5,-1,
R_3JaQgMBe2KFIeUI,Default Response Set,Anonymous,,,89.172.181.133,0,2017-07-19 22:11:08,2017-07-19 22:17:54,1,1,1,4,,1,,,3,2,1,3,4,2,7,8,5,6,2,1,2,3,4,3,3,1,4,2,2,2,2,1,1,2,45.166702270508,15.5,-1,
R_26bFVd9E9C4jAxd,Default Response Set,Anonymous,,,185.18.60.63,0,2017-07-19 22:15:05,2017-07-19 22:18:26,1,1,2,7,,,1,,3,2,6,2,1,5,4,8,3,7,2,1,3,2,4,2,4,1,2,3,2,1,2,1,1,2,45.166702270508,15.5,-1,
R_31ufB2E8ZbHZIna,Default Response Set,Anonymous,,,109.60.32.103,0,2017-07-19 22:22:21,2017-07-19 22:43:46,1,1,1,5,,1,,,2,3,1,2,6,3,8,7,4,5,2,1,3,4,2,1,4,1,3,2,1,2,2,1,3,1,45.733306884766,15.966705322266,-1,
R_2zx86aVybUoKiQI,Default Response Set,Anonymous,,,93.139.130.123,0,2017-07-19 22:49:50,2017-07-19 22:55:31,1,1,1,6,,,1,,2,3,5,7,1,6,3,2,4,8,1,1,3,2,4,3,4,1,2,3,1,2,2,1,2,2,46.368301391602,16.476699829102,-1,
R_1YZdi0XDt89qcnf,Default Response Set,Anonymous,,,31.45.226.227,0,2017-07-19 23:36:34,2017-07-19 23:39:40,1,1,1,7,,,1,,2,2,5,6,3,4,2,7,8,1,2,1,3,2,4,4,1,3,4,2,2,2,2,1,3,1,45.090805053711,16.331695556641,-1,
R_2VxL8s9nUFb7ZRp,Default Response Set,Anonymous,,,79.252.221.11,0,2017-07-20 08:40:52,2017-07-20 08:44:48,1,1,2,5,,,1,,3,3,5,4,6,7,1,3,8,2,2,3,4,2,1,2,4,2,3,1,2,2,4,1,2,2,50.756393432617,6.0914001464844,-1,
R_2rkcH7N4MGwJrvP,Default Response Set,Anonymous,,,195.29.193.227,0,2017-07-20 09:14:31,2017-07-20 09:20:16,1,1,1,7,,,1,,4,4,4,5,2,8,3,6,7,1,3,4,2,1,3,3,3,1,4,2,2,2,2,1,3,1,45.800003051758,16,-1,
R_2qx8TF4UMpBL9Gu,Default Response Set,Anonymous,,,193.78.85.153,0,2017-07-20 10:22:32,2017-07-20 10:31:09,1,1,1,4,,,1,,2,4,6,8,4,7,2,3,5,1,3,1,3,2,4,2,3,1,4,2,2,1,2,1,3,2,52.239395141602,21.036193847656,-1,
R_3h6mA9Xyt0ItB5Y,Default Response Set,Anonymous,,,80.147.22.175,0,2017-07-20 11:27:11,2017-07-20 11:31:27,1,1,2,8,,,1,,1,3,4,6,5,3,2,1,7,8,2,2,3,1,4,3,4,1,3,2,2,1,4,1,4,1,51.299301147461,9.4909973144531,-1,
R_2XnyiX0omGjYolE,Default Response Set,Anonymous,,,120.138.116.43,0,2017-07-20 13:57:10,2017-07-20 14:05:44,1,1,2,8,,1,,,2,1,2,7,8,1,5,6,4,3,1,1,4,2,3,2,3,2,1,4,2,1,2,1,4,1,18.533294677734,73.86669921875,-1,
R_2yeeZKDVvGWgYFM,Default Response Set,Anonymous,,,95.223.124.195,0,2017-07-20 20:24:18,2017-07-20 20:28:25,1,1,2,3,,,,1,5,5,1,8,4,2,5,6,3,7,3,1,4,2,3,3,1,2,3,4,2,1,2,1,1,2,50.100006103516,8.7666931152344,-1,
R_1PR8TUf4IkJgL2u,Default Response Set,Anonymous,,,80.187.118.126,0,2017-07-21 10:46:51,2017-07-21 10:50:32,1,1,2,7,,1,,,4,3,1,3,2,7,4,5,6,8,1,1,2,3,4,2,2,1,3,4,2,2,3,1,1,1,51.299301147461,9.4909973144531,-1,
R_2P4Jp7or6VHh3wF,Default Response Set,Anonymous,,,108.31.230.126,0,2017-07-21 17:33:29,2017-07-21 17:38:22,1,1,1,2,1,,,,5,4,7,4,3,8,2,5,6,1,1,1,3,4,2,1,3,1,4,2,1,4,5,1,2,1,39.131698608398,-77.28800201416,-1,
R_PXV7kt3Hd0azzz3,Default Response Set,Anonymous,,,88.153.7.146,0,2017-07-22 11:32:32,2017-07-22 11:36:55,1,1,1,8,,,1,,2,1,1,4,5,6,7,8,3,2,1,1,3,4,2,2,3,2,1,4,3,1,5,1,4,1,50.78840637207,6.1044006347656,-1,
R_Tpcp7hePsCvYeWZ,Default Response Set,Anonymous,,,178.203.234.218,0,2017-07-22 20:25:27,2017-07-22 20:32:28,1,1,2,7,,,,1,3,2,2,5,4,3,1,6,7,8,3,2,4,1,3,2,3,2,1,4,2,1,2,1,3,1,50.120895385742,8.6965942382812,-1,
R_2eXXBfmtphVgdB2,Default Response Set,Anonymous,,,79.243.81.95,0,2017-07-23 16:02:25,2017-07-23 16:07:44,1,1,2,9,,,,1,2,1,1,8,2,5,7,6,4,3,2,2,4,3,1,2,3,1,2,4,2,1,4,1,2,1,50.139007568359,8.6725006103516,-1,
R_2EmlqxZCR2kayK6,Default Response Set,Anonymous,,,116.75.2.12,0,2017-07-23 17:13:44,2017-07-23 17:24:26,1,1,1,1,,1,,,4,2,3,7,1,2,5,6,8,4,3,1,2,4,3,3,2,1,3,4,1,1,2,1,1,2,18.533294677734,73.86669921875,-1,
R_zUd9gC7VE8kN2RX,Default Response Set,Anonymous,,,59.184.33.156,0,2017-07-24 07:45:29,2017-07-24 07:52:58,1,1,1,1,,1,,,2,2,8,6,7,1,4,2,5,3,1,1,4,3,2,1,3,1,2,4,1,3,4,1,3,1,18.975006103516,72.825805664062,-1,
R_12sxoLahIQxKU3u,Default Response Set,Anonymous,,,208.104.48.247,0,2017-07-24 11:06:17,2017-07-24 11:11:57,1,1,2,6,,,,1,2,1,5,8,2,4,7,3,6,1,2,2,3,1,4,2,3,1,4,2,1,1,3,1,1,2,35.012100219727,-80.882102966309,-1,
R_Rtbsxbl2ow0k33H,Default Response Set,Anonymous,,,86.153.135.239,0,2017-07-24 12:28:04,2017-07-24 12:48:13,1,1,1,4,1,,,,5,5,,,,,,,,,,2,3,4,1,,2,1,4,3,1,3,5,1,3,1,51.316696166992,-0.53329467773438,-1,
R_eVCgzU1nG3hecBL,Default Response Set,Anonymous,,,165.225.72.164,0,2017-07-24 16:27:13,2017-07-24 16:28:40,1,1,2,8,,,,1,2,1,1,7,5,8,3,4,6,2,2,2,3,1,4,4,1,3,4,2,2,1,2,1,2,2,52.400299072266,10.75309753418,-1,
R_eg7BnIWk90TEzDD,Default Response Set,Anonymous,,,165.225.72.164,0,2017-07-24 16:29:20,2017-07-24 16:30:50,1,1,2,7,,,1,,3,2,7,6,4,8,2,3,5,1,1,1,3,2,4,2,3,2,4,1,1,2,2,1,1,2,51.215698242188,6.7767028808594,-1,
R_3KGAVopTbXZkKFC,Default Response Set,Anonymous,,,95.91.240.175,0,2017-07-24 16:29:58,2017-07-24 16:35:32,1,1,2,9,,,,1,1,1,3,4,1,8,6,5,7,2,2,3,4,1,2,3,3,1,4,2,2,1,4,1,1,1,52.559906005859,13.385101318359,-1,
R_23UAnmyWkaElg77,Default Response Set,Anonymous,,,92.147.87.245,0,2017-07-24 18:02:18,2017-07-24 18:12:28,1,1,1,2,1,,,,4,5,,,,,,,,,2,2,4,3,1,1,2,1,3,4,1,5,5,1,4,1,48.638000488281,4.9456024169922,-1,
R_3qx7J8ZMJ043sn6,Default Response Set,Anonymous,,,190.96.79.98,0,2017-07-24 18:54:34,2017-07-24 19:24:43,1,1,2,5,,,,1,5,3,1,5,2,6,4,3,7,8,2,3,4,1,2,3,1,2,4,3,2,1,2,1,1,1,-33.462493896484,-70.668197631836,-1,
R_3sAJVMAMN9Yu0F6,Default Response Set,Anonymous,,,88.153.7.237,0,2017-07-24 21:23:13,2017-07-24 21:30:38,1,1,1,7,,,,1,1,1,6,4,1,5,8,7,3,2,2,4,1,2,3,2,3,1,2,4,1,1,2,1,3,1,50.778701782227,6.1085052490234,-1,
R_3I5C84iFZs7zpbJ,Default Response Set,Anonymous,,,189.34.100.75,0,2017-07-24 21:50:15,2017-07-24 21:55:47,1,1,2,9,,,,1,2,2,1,4,7,8,5,6,2,3,3,3,4,1,2,4,4,2,3,1,1,1,2,1,1,1,-25.425994873047,-49.266693115234,-1,
R_3R2Bj8vLnDpzkZM,Default Response Set,Anonymous,,,49.14.65.118,0,2017-07-25 06:26:10,2017-07-25 06:32:58,1,1,2,7,,,1,,1,1,5,7,6,1,3,2,4,8,1,1,4,2,3,3,1,2,3,4,1,1,3,1,2,2,18.533294677734,73.86669921875,-1,
R_2wNducXr0jMKmVT,Default Response Set,Anonymous,,,106.210.217.26,0,2017-07-25 06:30:00,2017-07-25 06:38:53,1,1,2,9,,,,1,2,1,3,7,2,4,6,5,8,1,2,2,3,1,4,3,3,1,4,2,3,1,5,1,3,1,18.533294677734,73.86669921875,-1,
R_x5jMNQwvIihqGd3,Default Response Set,Anonymous,,,103.51.211.248,0,2017-07-25 06:49:41,2017-07-25 06:57:28,1,1,1,7,,1,,,2,3,4,3,6,1,7,8,2,5,1,1,3,2,4,2,3,2,1,4,2,2,3,1,1,2,18.533294677734,73.86669921875,-1,
R_2Y4FSsVfyCtfWNa,Default Response Set,Anonymous,,,212.247.82.10,0,2017-07-25 06:51:36,2017-07-25 06:58:25,1,1,2,8,,,,1,2,1,,,,,,,,,1,,,,,3,,,,,2,1,5,1,4,1,59.32470703125,18.055999755859,-1,
R_1NlwGxjuBSQsgPU,Default Response Set,Anonymous,,,198.208.27.70,0,2017-07-25 07:00:26,2017-07-25 07:05:44,1,1,1,8,,1,,,4,4,1,3,8,4,5,6,2,7,2,1,2,4,3,2,3,2,4,1,2,3,5,1,3,1,50.11669921875,8.6833038330078,-1,
R_1jZ0lRfCivZEVih,Default Response Set,Anonymous,,,2.50.26.171,0,2017-07-25 07:18:54,2017-07-25 07:32:15,1,1,1,4,,,1,,4,4,1,5,6,2,7,3,8,4,1,1,2,3,4,2,,,,,1,2,2,1,4,2,25.263900756836,55.30810546875,-1,
R_1ePFKzuCiUPRBPn,Default Response Set,Anonymous,,,203.19.2.3,0,2017-07-25 07:30:47,2017-07-25 07:39:23,1,1,2,8,,,1,,2,2,6,5,1,7,3,4,8,2,2,2,3,1,4,3,2,1,3,4,1,1,3,1,2,1,-33.925994873047,151.19351196289,-1,
R_21p0zzkLoyLPW4O,Default Response Set,Anonymous,,,134.94.162.248,0,2017-07-25 08:45:47,2017-07-25 08:51:23,1,1,2,10,,,1,,2,1,5,7,1,6,3,4,8,2,2,3,4,1,2,3,4,1,2,3,3,1,3,1,3,1,50.92529296875,6.3627014160156,-1,
R_1owdGjof8pkMz2D,Default Response Set,Anonymous,,,165.225.106.70,0,2017-07-25 09:05:21,2017-07-25 09:13:46,1,1,2,10,,1,,,2,1,,,,,,,,,2,2,3,1,4,2,3,1,4,2,2,2,2,2,,2,18.975006103516,72.825805664062,-1,
R_sOrqzgBHS1ZQvAd,Default Response Set,Anonymous,,,80.187.102.60,0,2017-07-25 09:26:15,2017-07-25 09:32:21,1,1,2,8,,,1,,2,2,4,7,6,8,2,3,5,1,2,1,4,2,3,4,3,1,4,2,2,2,5,1,3,1,51.299301147461,9.4909973144531,-1,
R_1C6YpdmGI6CzMan,Default Response Set,Anonymous,,,122.15.194.34,0,2017-07-25 10:19:12,2017-07-25 10:31:21,1,1,1,1,,,1,,1,1,3,7,5,1,2,6,4,8,3,1,3,2,4,1,1,3,2,4,1,1,3,1,2,1,18.533294677734,73.86669921875,-1,
R_3mkva91Irl4uT9M,Default Response Set,Anonymous,,,217.86.85.51,0,2017-07-25 10:26:40,2017-07-25 10:37:21,1,1,1,3,,1,,,4,4,2,7,8,1,4,3,6,5,1,1,4,2,3,2,3,2,1,4,1,2,6,1,4,1,48.300094604492,11.908203125,-1,
R_1PSOTPwLO1doLQs,Default Response Set,Anonymous,,,122.15.194.34,0,2017-07-25 10:32:51,2017-07-25 10:38:31,1,1,1,4,,1,,,2,4,1,4,5,2,3,7,8,6,1,1,3,2,4,1,1,2,4,3,1,2,3,1,1,1,18.533294677734,73.86669921875,-1,
R_2Y2NYzKyweFx7lY,Default Response Set,Anonymous,,,49.14.67.165,0,2017-07-25 10:20:45,2017-07-25 10:43:09,1,1,1,6,,,,1,2,1,1,8,3,2,5,6,4,7,1,1,4,2,3,4,3,2,1,4,1,2,3,1,4,1,18.533294677734,73.86669921875,-1,
R_tKRwcoFLH7X13Gh,Default Response Set,Anonymous,,,137.226.94.64,0,2017-07-25 10:42:59,2017-07-25 10:48:37,1,1,1,,,1,,,2,4,8,6,1,7,4,3,5,2,1,1,4,2,3,3,3,4,2,1,2,2,3,1,3,1,50.778701782227,6.1085052490234,-1,
R_2rwm27AC3sDWmji,Default Response Set,Anonymous,,,37.201.5.164,0,2017-07-25 11:37:31,2017-07-25 11:44:35,1,1,2,9,,,,1,3,3,7,8,2,6,3,4,5,1,2,3,4,1,2,3,3,1,2,4,2,1,2,1,3,1,48.511001586914,9.2232055664062,-1,
R_0dfIOPnvZakO3m5,Default Response Set,Anonymous,,,165.225.72.129,0,2017-07-25 12:02:31,2017-07-25 12:03:47,1,1,2,7,,,1,,2,2,1,7,4,8,3,2,6,5,3,1,3,2,4,3,3,2,4,1,3,2,2,1,3,2,52.239395141602,21.036193847656,-1,
R_6RmIaj0WPYyvtMp,Default Response Set,Anonymous,,,165.225.72.129,0,2017-07-25 12:04:19,2017-07-25 12:05:38,1,1,2,4,,1,,,3,2,1,4,5,2,7,8,3,6,1,1,2,4,3,2,3,2,1,4,1,2,3,1,2,2,19.199996948242,72.966705322266,-1,
R_2b12UJjbqdjkAG6,Default Response Set,Anonymous,,,171.50.245.28,0,2017-07-25 10:46:45,2017-07-25 12:19:03,1,1,1,1,,1,,,1,3,,,,,,,,,1,4,1,2,3,1,1,4,2,3,3,2,2,1,2,2,18.975006103516,72.825805664062,-1,
R_3fvuh8jKB0ml8qN,Default Response Set,Anonymous,,,165.225.72.129,0,2017-07-25 12:09:14,2017-07-25 13:01:48,1,1,2,3,,,,,4,4,1,3,6,2,8,7,4,5,1,1,3,4,2,1,1,2,4,3,1,3,3,1,2,,18.533294677734,73.86669921875,-1,
R_OiAB5ipj10XsPAZ,Default Response Set,Anonymous,,,128.7.130.55,0,2017-07-25 13:15:01,2017-07-25 13:20:46,1,1,2,6,,,,1,2,2,1,3,2,4,5,6,7,8,1,1,4,2,3,3,1,3,2,4,3,1,3,1,2,1,50.621307373047,7.1259002685547,-1,
R_7WYlqdgpBmazZcN,Default Response Set,Anonymous,,,165.225.72.129,0,2017-07-25 13:25:49,2017-07-25 13:27:08,1,1,2,5,,,1,,4,3,1,2,4,3,5,7,6,8,1,1,4,2,3,3,3,1,4,2,1,2,2,1,2,2,37.751007080078,-97.821998596191,-1,
R_ekEIuauh1rmi49D,Default Response Set,Anonymous,,,165.225.72.129,0,2017-07-25 13:34:51,2017-07-25 13:36:15,1,1,2,8,,,,1,2,1,6,7,4,8,2,3,5,1,1,2,3,1,4,4,2,3,4,1,2,1,3,1,1,2,52.239395141602,21.036193847656,-1,
R_2urOluev2Bwt6yN,Default Response Set,Anonymous,,,89.204.138.119,0,2017-07-25 13:28:52,2017-07-25 13:42:11,1,1,1,3,,1,,,3,4,1,4,8,2,6,7,3,5,2,1,4,2,3,2,4,1,2,3,2,4,2,1,3,2,52.512298583984,13.439407348633,-1,
R_2hnzhdSxdAJZoBn,Default Response Set,Anonymous,,,165.225.72.129,0,2017-07-25 13:57:18,2017-07-25 13:58:24,1,1,2,3,,,1,,3,2,5,7,1,8,3,2,6,4,1,1,3,2,4,3,1,2,4,3,2,3,3,1,1,2,47.657806396484,9.4851989746094,-1,
R_2YP6Ecssv8bQ5kU,Default Response Set,Anonymous,,,49.35.9.122,0,2017-07-25 14:38:05,2017-07-25 14:47:09,1,1,1,4,,1,,,3,2,5,6,3,2,1,4,7,8,3,3,2,1,4,1,3,1,4,2,2,2,2,1,1,1,18.533294677734,73.86669921875,-1,
R_5vVXD0NzNo02DKB,Default Response Set,Anonymous,,,165.225.72.129,0,2017-07-25 14:47:47,2017-07-25 14:49:22,1,1,1,4,,,1,,4,3,1,7,6,2,5,4,8,3,1,1,2,3,4,3,3,2,1,4,1,2,2,1,1,2,47.614501953125,-122.34799957275,-1,
R_8JqhvEtpeUloOtT,Default Response Set,Anonymous,,,165.225.72.129,0,2017-07-25 15:52:10,2017-07-25 15:53:11,1,1,1,1,1,,,,5,4,2,3,5,1,6,7,4,8,1,1,2,4,3,1,2,3,1,4,1,4,2,1,1,2,57.716705322266,11.966705322266,-1,
R_bQujyiWeQbR7TsV,Default Response Set,Anonymous,,,165.225.72.129,0,2017-07-25 15:55:38,2017-07-25 16:16:10,1,1,2,7,,,,1,3,2,7,6,4,8,2,3,5,1,1,2,3,1,4,4,2,3,4,1,3,1,2,1,1,2,18.533294677734,73.86669921875,-1,
R_dirqpXJth9uw2kR,Default Response Set,Anonymous,,,165.225.72.129,0,2017-07-25 16:47:54,2017-07-25 16:48:52,1,1,2,9,,,,1,2,1,1,6,3,7,5,4,8,2,2,2,3,1,4,4,1,3,4,2,3,1,2,1,2,2,50.103897094727,8.6885986328125,-1,
R_1jp37pabcGRkLKA,Default Response Set,Anonymous,,,193.78.85.153,0,2017-07-25 17:40:07,2017-07-25 17:44:02,1,1,2,6,,,1,,2,4,4,8,3,6,1,2,7,5,2,3,2,1,4,3,,,,,1,1,4,1,3,1,52.239395141602,21.036193847656,-1,
R_265f5s1TgirQQcC,Default Response Set,Anonymous,,,64.129.72.156,0,2017-07-25 18:05:00,2017-07-25 18:12:19,1,1,2,10,,1,,,3,2,1,2,6,7,4,5,8,3,1,1,4,3,2,2,3,1,2,4,3,1,4,1,3,1,39.614807128906,-104.95590209961,-1,
R_RPN9z5zJdKKUgwN,Default Response Set,Anonymous,,,193.78.85.153,0,2017-07-25 19:45:46,2017-07-25 19:50:40,1,1,2,9,1,1,1,1,1,1,2,4,1,5,6,7,8,3,3,2,3,1,4,3,3,1,2,4,2,1,2,1,4,1,52.239395141602,21.036193847656,-1,
R_231ft9EmEUEFmZq,Default Response Set,Anonymous,,,81.103.253.37,0,2017-07-25 21:06:38,2017-07-25 21:13:53,1,1,1,6,,1,,,3,3,7,6,8,4,2,3,5,1,1,1,3,2,4,2,3,2,1,4,2,2,2,2,,2,51.509201049805,-0.095504760742188,-1,
R_2roPiejwH200En0,Default Response Set,Anonymous,,,80.187.103.60,0,2017-07-26 07:32:54,2017-07-26 07:41:19,1,1,1,2,,1,,,5,4,1,5,2,7,3,4,6,8,1,,,,,1,4,1,2,3,2,4,4,1,2,2,51.299301147461,9.4909973144531,-1,
R_10Vn5P4IKEdfvHl,Default Response Set,Anonymous,,,95.208.211.123,0,2017-07-26 08:23:39,2017-07-26 08:30:19,1,1,2,7,,,,1,2,2,6,3,2,1,5,7,8,4,2,1,3,2,4,3,1,4,2,3,3,1,3,1,4,1,47.733306884766,8.9667053222656,-1,
R_3ndEvXjpR0p1PcO,Default Response Set,Anonymous,,,79.214.247.107,0,2017-07-26 11:00:17,2017-07-26 11:05:41,1,1,1,8,,,1,,4,3,1,5,6,2,7,8,3,4,3,2,4,1,3,2,4,3,2,1,1,2,3,1,1,1,50.139007568359,8.6725006103516,-1,
R_2WZOeDdw6m5ZZt4,Default Response Set,Anonymous,,,84.140.75.151,0,2017-07-26 11:51:27,2017-07-26 11:55:26,1,1,1,7,,1,,,2,4,2,3,1,4,5,6,7,8,2,1,3,4,2,3,,,,,2,3,5,1,4,1,51.078399658203,6.3088989257812,-1,
R_2zOcch2kvznDdY4,Default Response Set,Anonymous,,,104.53.223.131,0,2017-07-27 08:41:11,2017-07-27 08:49:25,1,1,1,2,1,,,,5,5,7,1,6,8,5,2,4,3,1,,,,,1,3,1,2,4,1,5,5,1,3,1,37.342193603516,-121.88330078125,-1,
R_1Hifu0RvoovYPIq,Default Response Set,Anonymous,,,157.50.9.52,0,2017-07-27 10:05:47,2017-07-27 10:10:32,1,1,1,4,,1,,,5,3,6,1,8,7,3,2,5,4,1,2,3,4,1,1,2,3,4,1,1,3,3,1,3,1,13.083297729492,80.283294677734,-1,
R_2Xo1XnNCRU77P4I,Default Response Set,Anonymous,,,178.203.67.16,0,2017-07-27 13:35:41,2017-07-27 13:46:07,1,1,1,6,,,1,,2,3,1,2,3,4,5,6,7,8,2,,,,,2,,,,,2,2,3,1,3,1,51.259002685547,7.1694946289062,-1,
R_3R8gC5EMiFSU7fS,Default Response Set,Anonymous,,,178.203.67.16,0,2017-07-27 14:04:42,2017-07-27 14:09:46,1,1,2,6,,,1,,2,2,2,6,8,1,4,5,7,3,2,2,3,1,4,2,2,1,3,4,1,2,3,1,3,2,51.259002685547,7.1694946289062,-1,
R_2TMZN1LxWznpXki,Default Response Set,Anonymous,,,70.211.2.20,0,2017-07-28 02:44:25,2017-07-28 02:53:32,1,1,1,3,,1,,,4,5,6,2,5,7,4,3,8,1,1,3,2,4,1,,1,2,4,3,2,5,6,1,4,1,33.669494628906,-117.8231048584,-1,
R_3rI2UwpqwjdPhZP,Default Response Set,Anonymous,,,213.62.126.132,0,2017-07-28 10:30:53,2017-07-28 10:37:44,1,1,2,9,,,,1,3,1,1,6,3,8,4,5,7,2,3,1,3,4,2,3,3,1,2,4,1,1,4,1,4,1,48.858200073242,2.3386993408203,-1,
R_3IDMpm38b9rklHD,Default Response Set,Anonymous,,,78.48.67.43,0,2017-07-28 12:50:37,2017-07-28 12:51:57,1,1,2,8,,,1,,2,1,5,7,4,8,2,3,6,1,1,2,3,1,4,4,2,3,4,1,2,2,2,1,1,2,42.324096679688,-83.711303710938,-1,
R_5gKID9oOGwXXWq9,Default Response Set,Anonymous,,,78.48.67.43,0,2017-07-28 12:52:16,2017-07-28 12:53:20,1,1,1,2,,1,,,4,3,1,3,5,2,6,7,4,8,1,1,3,4,2,1,3,1,2,4,1,4,3,1,2,2,50.116195678711,8.6365051269531,-1,
R_5pu6CCFLJ7jbF9b,Default Response Set,Anonymous,,,78.48.67.43,0,2017-07-28 12:54:00,2017-07-28 12:55:08,1,1,2,8,,,1,,1,1,5,6,3,7,2,1,8,4,2,2,3,1,4,2,2,3,4,1,3,1,2,1,3,2,29.369705200195,47.978302001953,-1,
R_6nult4AKDDXfUj3,Default Response Set,Anonymous,,,78.48.67.43,0,2017-07-28 12:56:13,2017-07-28 12:57:21,1,1,2,9,,,1,1,2,1,1,5,6,7,2,3,8,4,4,2,3,1,4,4,2,3,4,1,3,1,2,1,2,2,50.138305664062,8.7115936279297,-1,
R_6lIEdHc35NKdJbv,Default Response Set,Anonymous,,,78.48.67.43,0,2017-07-28 13:08:24,2017-07-28 13:13:25,1,1,2,9,,,,,2,1,5,7,3,8,2,1,6,4,3,3,2,1,4,4,1,3,4,2,3,1,2,1,2,2,51.449996948242,7.0166931152344,-1,
R_eIDM428hWAT2KVL,Default Response Set,Anonymous,,,78.48.67.43,0,2017-07-28 13:13:49,2017-07-28 13:15:01,1,1,2,8,,,1,,3,2,1,6,3,7,4,5,8,2,2,1,3,2,4,2,1,3,4,2,3,1,2,1,1,2,18.533294677734,73.86669921875,-1,
R_7NVzhZUavlyn9Nb,Default Response Set,Anonymous,,,78.48.67.43,0,2017-07-28 13:15:59,2017-07-28 13:17:12,1,1,2,8,,,,1,2,2,5,7,4,8,1,2,6,3,2,2,3,1,4,2,2,3,4,1,3,2,2,1,1,2,38.57829284668,-90.666603088379,-1,
R_8dz8oxZmjWI7AVL,Default Response Set,Anonymous,,,78.48.67.43,0,2017-07-28 13:23:53,2017-07-28 13:24:59,1,1,2,9,,,,1,2,1,5,6,4,8,2,3,7,1,3,2,3,1,4,4,2,3,4,1,3,1,2,1,1,2,18.533294677734,73.86669921875,-1,
R_eRiWETSukIPoWnH,Default Response Set,Anonymous,,,78.48.67.43,0,2017-07-28 13:41:14,2017-07-28 13:42:06,1,1,2,7,,,1,,3,2,5,6,4,7,2,3,8,1,1,2,3,1,4,3,1,3,4,2,2,2,2,1,1,2,51.299301147461,9.4909973144531,-1,
R_0x3oOH7rCf0tNaJ,Default Response Set,Anonymous,,,78.48.67.43,0,2017-07-28 13:42:21,2017-07-28 13:43:16,1,1,2,8,,,,1,2,1,1,6,5,7,4,3,8,2,2,1,3,2,4,4,4,2,3,1,2,2,2,1,1,2,18.533294677734,73.86669921875,-1,
R_eWMsDbTiZngf9qZ,Default Response Set,Anonymous,,,78.48.67.43,0,2017-07-28 13:43:30,2017-07-28 13:44:40,1,1,2,9,,,,1,3,2,1,6,5,7,2,3,8,4,1,2,3,1,4,2,4,2,3,1,2,2,2,1,2,2,50.160003662109,8.9942932128906,-1,
R_e3COjjM2uWtGqTr,Default Response Set,Anonymous,,,78.48.67.43,0,2017-07-28 13:44:54,2017-07-28 13:45:47,1,1,2,8,,,1,1,2,1,2,6,5,7,3,4,8,1,1,2,3,1,4,4,3,2,4,1,3,1,2,,1,2,50.176406860352,8.7357940673828,-1,
R_cCr5vEl6wGp7rcF,Default Response Set,Anonymous,,,78.48.67.43,0,2017-07-28 13:46:34,2017-07-28 13:47:36,1,1,2,9,,1,,,3,2,1,6,2,7,3,4,8,5,1,1,3,2,4,2,3,1,2,4,2,2,2,1,1,2,50.116195678711,8.6365051269531,-1,
R_ePb91Cwyw5Cxuqp,Default Response Set,Anonymous,,,78.48.67.43,0,2017-07-28 13:49:04,2017-07-28 13:49:57,1,1,2,8,,,,1,2,2,5,6,4,7,3,2,8,1,1,2,3,1,4,4,2,3,4,1,2,1,3,1,1,2,50.197296142578,8.5892944335938,-1,
R_bPH2tY5fcC76nhr,Default Response Set,Anonymous,,,78.48.67.43,0,2017-07-28 13:52:10,2017-07-28 13:53:03,1,1,2,7,,,1,1,2,1,4,6,5,7,3,2,8,1,1,2,3,1,4,4,2,3,4,1,3,1,3,1,1,2,50.125,8.6761932373047,-1,
R_1isScXwe3L1emRt,Default Response Set,Anonymous,,,78.48.67.43,0,2017-07-28 14:08:22,2017-07-28 14:45:54,1,1,2,7,,,1,,2,2,2,5,7,1,3,8,4,6,2,2,4,1,3,3,3,2,1,4,1,1,3,1,2,1,51.449996948242,7.0166931152344,-1,
